true_group,x
A,-1.546339273700502
A,-1.7758801277300282
A,-1.2491870590516663
A,-1.67714288422063
A,-2.7473984081829577
B,0.7563648112183223
B,0.6798229166106067
B,0.0459646885654266
B,0.5438031244847362
B,-0.6879504822607518
C,2.5813018083712826
C,2.257823721278495
C,1.9388797565211755
C,2.899352592722114
C,2.0660595705642293
