x,trend,y,true_intercept,true_slope,true_sigma
-3.0,4.75,6.030315003712844,0.25,-1.5,1.25
-2.25,3.625,1.4579112235723062,0.25,-1.5,1.25
-1.5,2.5,2.388382984370997,0.25,-1.5,1.25
-0.75,1.375,0.007815080816676201,0.25,-1.5,1.25
0.0,0.25,0.6512440871482935,0.25,-1.5,1.25
0.75,-0.875,-2.2540069193727112,0.25,-1.5,1.25
1.5,-2.0,-2.969991929686258,0.25,-1.5,1.25
2.25,-3.125,-3.537096516255374,0.25,-1.5,1.25
3.0,-4.25,-6.063281864183624,0.25,-1.5,1.25
